name,id,tier,rarity,base value,range,damage/second,damage/shot,emp,impact,turn rate,OPs,ammo,ammo/sec,reload size,type,energy/shot,energy/second,chargeup,chargedown,burst size,burst delay,min spread,max spread,spread/shot,spread decay/sec,beam speed,proj speed,launch speed,flight time,proj hitpoints,autofireAccBonus,extraArcForAI,hints,tags,groupTag,tech/manufacturer,for weapon tooltip>>,primaryRoleStr,speedStr,trackingStr,turnRateStr,accuracyStr,customPrimary,customPrimaryHL,customAncillary,customAncillaryHL,noDPSInTooltip,number
,,,,,,,,,,,,,,,,,,,,,,,,,,,,,,,,,,,,,,,,,,,,,,,,
IBIS,diableavionics_ibis,0,,300,350,,25,,,180,4,24,10,8,FRAGMENTATION,3,,0,0.05,,,0,2,0.2,1,,2000,,,10,,,PD,"pd6, SR, diable_weapon_bp",,Diable Avionics,,Point Defense,,,,,,,,,,1.1
Raptor Defense System,diableavionics_raptor,0,,1000,600,,40,,,75,8,64,10,4,FRAGMENTATION,10,,0,0.05,,,0,2,0.2,1,,2000,,,10,,,PD,"pd11, diable_weapon_bp",,Diable Avionics,,Point Defense,,,,,,,,,,
,,,,,,,,,,,,,,,,,,,,,,,,,,,,,,,,,,,,,,,,,,,,,,,,
Recson S,diableavionics_recson,1,,700,800,,250,,,24,8,,,,KINETIC,275,,0,1.8,1,,2,6,5,6,,650,,,100,,,,"kinetic9, LR, diable_weapon_bp",,Diable Avionics,,Anti Shield,,,,,,,,,,
Recson V,diableavionics_recson2,2,0.75,2400,1000,,200,,,8,12,,,,KINETIC,250,,0,2.18,2,0.1,2,6,5,6,,650,,,100,,,,"kinetic14, LR, diable_weapon_bp",,Diable Avionics,,Anti Shield,,,,,,,,,,
,,,,,,,,,,,,,,,,,,,,,,,,,,,,,,,,,,,,,,,,,,,,,,,,
Artassault Revolver Cannon,diableavionics_artassault,0,,400,500,,75,,,30,5,,,,HIGH_EXPLOSIVE,60,,0,1.74,5,0.1,1,3,.25,1,,800,,,25,,,,"he8, diable_weapon_bp",,Diable Avionics,,Anti Small Craft,,,,,,,,,,
Artdeux Twin Cannon,diableavionics_artdeux,1,,1200,900,,40,,,12,11,30,7.5,15,HIGH_EXPLOSIVE,40,,0,0.05,2,0.05,1,6,0.1,2,,800,,,25,,,,"he12, diable_weapon_bp",,Diable Avionics,,Anti Hull,,,,,"%s: each projectile has chance to detonate dealing an additional %s damage, scales with the flux level of the firing ship.",Super-heated projectiles|80 Fragmentation,,,,
,,,,,,,,,,,,,,,,,,,,,,,,,,,,,,,,,,,,,,,,,,,,,,,,
Grave LAC,diableavionics_graveac,0,,600,500,,70,,10,30,6,9,1.666,3,KINETIC,63,,0,0.4,,,5,10,0.5,3,,900,,,100,,,,"kinetic8, SR, diable_weapon_bp",,Diable Avionics,,Anti Shield,,,,,,,,,,
Grave HMC,diableavionics_gravemg,0,,1150,650,,65,,10,20,11,,,,KINETIC,52,,0,0.2,1,,1,10,0.5,3,,700,,,100,,,,"kinetic15, SR, diable_weapon_bp",,Diable Avionics,,Anti Shield,,,,,,,,,,
Glowtusk Linear Rifle,diableavionics_glowtusk,0,,1800,600,,500,,50,18,10,,,,HIGH_EXPLOSIVE,400,,0,2.5,,,3,10,3,1,,750,,,350,,,,"he15, SR, diable_weapon_bp",,Diable Avionics,,Anti Armor,,,,,,,,,,
,,,,,,,,,,,,,,,,,,,,,,,,,,,,,,,,,,,,,,,,,,,,,,,,
Mostro Cannon Array,diableavionics_mostro,2,,3250,800,,250,,25,10,20,,,,HIGH_EXPLOSIVE,250,,0,1,,,2,6,0.5,4,,650,,,60,,,,"he17, diable_weapon_bp, rare_bp",,Diable Avionics,,Anti Armor,,,,,,,,,,
Opfer GV Suppression Artillery,diableavionics_opfergv,3,0.5,8000,900,,10,,20,12,20,320,25,160,KINETIC,9,,0.5,0.75,9999,0.075,2,10,0.05,4,,800,,,25,,,,"kinetic18, diable_weapon_bp, rare_bp",,Diable Avionics,,Shield Suppression,,,,,,,,,,
,,,,,,,,,,,,,,,,,,,,,,,,,,,,,,,,,,,,,,,,,,,,,,,,
,,,,,,,,,,,,,,,,,,,,,,,,,,,,,,,,,,,,,,,,,,,,,,,,
,,,,,,,,,,,,,,,,,,,,,,,,,,,,,,,,,,,,,,,,,,,,,,,,
Winee EMPR,diableavionics_winee,2,0.5,600,600,,25,400,25,50,7,,,,ENERGY,50,,0.5,7.2,5,0.075,,,,,,1000,,,25,,,FIRE_WHEN_INEFFICIENT,"energy5, diable_weapon_bp, rare_bp",,Diable Avionics,,Support,,,,,"%s: Hits on shields while at high hard flux or on hull have a %s chance to arc to weapons and engines, dealing extra EMP damage. ",EMP Arcs|25%,,,,
,,,,,,,,,,,,,,,,,,,,,,,,,,,,,,,,,,,,,,,,,,,,,,,,
Burchel Beam Repeater,diableavionics_burchel,1,0.5,600,600,300,,,,75,8,12,1,3,ENERGY,,240,,,0.48,0.02,,,,,1000000,,,,,,,"PD,ANTI_FTR,PD_ALSO","pd9,beam8, diable_weapon_bp, rare_bp",,Diable Avionics,,Point Defense,,,,,,,,,,
Glaux Lance Repeater,diableavionics_glaux,2,0.5,2250,700,687,,,,16,11,8,0.727,2,ENERGY,,618,,,0.48,0.02,,,,,1000000,,,,,,,,"energy14, beam10, diable_weapon_bp, rare_bp",,Diable Avionics,,Strike,,,,,,,,,,
,,,,,,,,,,,,,,,,,,,,,,,,,,,,,,,,,,,,,,,,,,,,,,,,
Hexafire Scatter-Cannon,diableavionics_hexafire,1,,1750,700,,120,30,10,15,11,,,,ENERGY,120,,0,2.5,,,2,16,0.6,6,,1200,,,100,,,,"energy13, diable_weapon_bp, rare_bp",,Diable Avionics,,General,,,,,%s: projectiles deal up to %s extra damage the higher the firing ship's %s is.,Flux charged ordinance|100%| flux level,,,,
Twin-Hexafire Scatter-Cannon,diableavionics_hexafire2,2,,5000,700,,120,30,10,8,25,,,,ENERGY,120,,0,2.5,,,2,16,0.3,6,,1200,,,120,,,,"energy17, diable_weapon_bp, rare_bp",,Diable Avionics,,General,,,,,%s: projectiles deal up to %s extra damage the higher the firing ship's %s is.,Flux charged ordinance|100%|flux level,,,,
,,,,,,,,,,,,,,,,,,,,,,,,,,,,,,,,,,,,,,,,,,,,,,,,
Lazyhorn Warp Projector,diableavionics_lazyhorn,1,,1250,600,,200,,40,25,12,,,,FRAGMENTATION,100,,0,3.4,7,0.1,45,45,0,0,,100,600,3,100,-2,5,"PD,ANTI_FTR","pd14, diable_weapon_bp, rare_bp",,Diable Avionics,,Point Defense (Area),,,Fast,Terrible,,,,,,
State Support Beam,diableavionics_state,1,,1500,800,400,,,0,30,12,,,,HIGH_EXPLOSIVE,,320,0.1,0.1,2,1.925,,,,,3000,,,,,,,NO_TURN_RATE_BOOST_WHEN_IDLE,"beam12, energy11, diable_weapon_bp",,Diable Avionics,,General,,,,,,,,,,
SRAB Heavy Emitter,diableavionics_srab,3,0.75,2300,800,,600,400,50,7,13,,,,ENERGY,750,,0,3,,,,,,,,400,100,2.8,300,,5,,"energy15, LR, diable_weapon_bp, rare_bp",,Diable Avionics,,Middle-range pressure,,Poor,Fast,,%s: The projectiles have limited target tracking capacity.,Target Tracking,%s: The projectiles can be intercepted by regular PD weapons.,Unstable Projectile,,
Nocturne EMP Array,diableavionics_nocturne,2,0.75,2500,800,600,,900,20,12,12,,,,KINETIC,,900,0.25,1.25,1.5,5.5,,,,,3000,,,,,,,FIRE_WHEN_INEFFICIENT,"beam10, LR, diable_weapon_bp",,Diable Avionics,,Suppression,,,,,"%s: Hits on shields while at high hard flux or on hull have a %s chance to arc to weapons and engines, dealing extra EMP damage. ",EMP Arcs|25%,,,,
,,,,,,,,,,,,,,,,,,,,,,,,,,,,,,,,,,,,,,,,,,,,,,,,
#Uhlan Siege Laser,diableavionics_uhlan,3,0.33,9000,1000,,1000,,250,4,30,4,0.48,4,ENERGY,1250,,0.25,2,9999,0.75,6,12,2,1,,600,,,800,0.25,,"DO_NOT_CONSERVE, STRIKE, USE_VS_FRIGATES","energy20,LR, diable_weapon_bp, rare_bp",,Diable Avionics,,Siege Artillery,,,,,,,,,,
Uhlan Siege Laser,diableavionics_uhlan,3,0.33,9000,1000,,1000,,250,4,30,4,0.48,4,ENERGY,1250,,0.25,2,9999,0.75,6,12,2,1,,600,,,800,0.25,,DO_NOT_CONSERVE,"energy20,LR, diable_weapon_bp, rare_bp",,Diable Avionics,,Siege Artillery,,,,,,,,,,
,,,,,,,,,,,,,,,,,,,,,,,,,,,,,,,,,,,,,,,,,,,,,,,,
,,,,,,,,,,,,,,,,,,,,,,,,,,,,,,,,,,,,,,,,,,,,,,,,
,,,,,,,,,,,,,,,,,,,,,,,,,,,,,,,,,,,,,,,,,,,,,,,,
Micro Missile Launcher,diableavionics_micromissile,1,,500,3000,,50,,5,6,3,25,1,4,HIGH_EXPLOSIVE,,,0.1,3.9,5,0,6,6,5,6,,250,180,18,50,,,"DO_NOT_AIM, DO_NOT_CONSERVE,","utility10, missile1, rare_bp, diable_weapon_bp",,Diable Avionics,,Saturation,Medium,Poor,,,,,,,,11.24
Micro Missile Launcher,diableavionics_microbuiltin,1,,500,3000,,50,,5,6,3,25,1,4,HIGH_EXPLOSIVE,,,0.1,3.9,5,0,6,6,5,6,,250,180,18,50,,,"SYSTEM, DO_NOT_AIM, DO_NOT_CONSERVE, DO_NOT_AIM","utility10, missile1",,Diable Avionics,,Saturation,Medium,Poor,,,,,,,,
Micro Missile Cluster,diableavionics_microcluster,3,,7500,3000,,50,,5,0,,90,2.5,10,HIGH_EXPLOSIVE,,,0.2,3.8,15,0.1,6,6,5,6,,250,150,18,50,,,"SYSTEM, DO_NOT_AIM, DO_NOT_CONSERVE, DO_NOT_AIM",,,,,,,,,,,,,,,
Micro Missile Cluster,diableavionics_microcluster_left,3,,7500,3000,,50,,5,0,,90,2.5,10,HIGH_EXPLOSIVE,,,0.2,3.8,15,0.1,6,6,5,6,,250,150,18,50,,,"SYSTEM, DO_NOT_AIM, DO_NOT_CONSERVE, DO_NOT_AIM",,,,,,,,,,,,,,,
Micro Missile Cluster,diableavionics_microcluster2,3,,7500,3000,,50,,5,0,,90,2.5,10,HIGH_EXPLOSIVE,,,0.2,3.8,15,0.1,6,6,5,6,,250,5,21,50,,,"SYSTEM, DO_NOT_AIM, DO_NOT_CONSERVE, DO_NOT_AIM",,,,,,,,,,,,,,,
Micro Missile Array,diableavionics_microarray,3,,17500,3000,,50,,5,0,,960,8,32,HIGH_EXPLOSIVE,,,0.1,3.9,80,0.1,6,6,5,6,,250,150,18,50,,,"SYSTEM, DO_NOT_AIM, DO_NOT_CONSERVE, DO_NOT_AIM",,,,,,,,,,,,,,,
Micro Missile Array,diableavionics_microarrayM,3,,17500,3000,,50,,5,0,,480,4,16,HIGH_EXPLOSIVE,,,0.1,3.9,40,0.1,6,6,5,6,,250,150,18,50,,,"SYSTEM, DO_NOT_AIM, DO_NOT_CONSERVE, DO_NOT_AIM",,,,,,,,,,,,,,,
,,,,,,,,,,,,,,,,,,,,,,,,,,,,,,,,,,,,,,,,,,,,,,,,
Magicbox PD Missile,diableavionics_magicbox,1,0.75,400,1200,,150,,3,15,5,12,0.5,3,FRAGMENTATION,25,,0.5,1,1,0,7,14,14,12,,475,35,3.7,40,,,"DO_NOT_AIM, DO_NOT_CONSERVE, PD_ONLY, ","pd9, missile0, diable_weapon_bp, rare_bp",,Diable Avionics,,Point Defense (Area),Excelent,Excelent,,,,,,,,11.23
,,,,,,,,,,,,,,,,,,,,,,,,,,,,,,,,,,,,,,,,,,,,,,,,
Thunderbolt MRM Rack,diableavionics_thunderboltsmall,0,,200,1800,,800,,5,6,6,8,,,HIGH_EXPLOSIVE,0,,0,5.5,2,0.5,6,9,9,9,,400,50,10,250,,,DO_NOT_AIM,"missile7, strike4, diable_weapon_bp",,Diable Avionics,,Finisher,Medium,Good,,,"%s: spreads up to %s of its damage inside the enemy ship, disabling weapons away from the edge of the hull.",Pierce Damage|half,,,TRUE,11.4
Thunderbolt MRM Pod,diableavionics_thunderboltpod,1,,1150,2500,,800,,5,6,14,24,,,HIGH_EXPLOSIVE,0,,0.4,6,4,0.4,0,12,4,12,,400,650,10,250,,,DO_NOT_AIM,"missile13, strike9, diable_weapon_bp, rare_bp",,Diable Avionics,,Finisher,Medium,Good,,,"%s: spreads up to %s of its damage inside the enemy ship, disabling weapons away from the edge of the hull.",Pierce Damage|half,,,TRUE,
,,,,,,,,,,,,,,,,,,,,,,,,,,,,,,,,,,,,,,,,,,,,,,,,
Banish Torpedo (twin),diableavionics_banishsmall,1,,350,1250,,3000,3000,500,18,2,2,,,ENERGY,0,,0,10,1,,0,0,0,0,,10,120,6,300,,,"STRIKE, USE_VS_FRIGATES, DO_NOT_AIM","strike6, missile1, diable_weapon_bp",,Diable Avionics,,,Fast,Pre-Aimed,,,,,,,TRUE,9.7
Banish Torpedo Launcher,diableavionics_banish,2,0.75,1550,1500,,3000,3000,500,25,11,6,,,ENERGY,0,,0,10,1,,0,0,0,0,,10,120,6,300,,,"STRIKE, USE_VS_FRIGATES, DO_NOT_CONSERVE, DO_NOT_AIM","missile13, strike9, diable_weapon_bp",,Diable Avionics,,Opener,Fast,Pre-Aimed,,,,,,,TRUE,
,,,,,,,,,,,,,,,,,,,,,,,,,,,,,,,,,,,,,,,,,,,,,,,,
Plover Rocket Pod,diableavionics_plover,0,,1220,1250,,600,,33,12,10,50,,,HIGH_EXPLOSIVE,0,,0,4.05,4,0.15,0,1,0.1,1,,500,50,4,100,,,,"rocket13, strike8, diable_weapon_bp",,Diable Avionics,,Anti Armor,Medium,None,,,"%s: spreads up to %s of its damage inside the enemy ship, disabling weapons away from the edge of the hull.",Pierce Damage|half,,,,
Thrush LRM System,diableavionics_thrush,1,,1150,7000,,1000,,65,30,13,10,1.3334,2,HIGH_EXPLOSIVE,0,,0,9,2,1,0,0,0,0,,425,25,16,300,,,"DO_NOT_AIM, CONSERVE_1","missile12, strike8, diable_weapon_bp, rare_bp",,Diable Avionics,,Stand-off Support,Medium,Average,,,%s: The missiles deploy %s if they miss their intended target.,Secondary Payload|12 Micro-missiles,,,,
,,,,,,,,,,,,,,,,,,,,,,,,,,,,,,,,,,,,,,,,,,,,,,,,
,,,,,,,,,,,,,,,,,,,,,,,,,,,,,,,,,,,,,,,,,,,,,,,,
,,,,,,,,,,,,,,,,,,,,,,,,,,,,,,,,,,,,,,,,,,,,,,,,
,,,,,,,,,,,,,,,,,,,,,,,,,,,,,,,,,,,,,,,,,,,,,,,,
,,,,,,,,,,,,,,,,,,,,,,,,,,,,,,,,,,,,,,,,,,,,,,,,
,,,,,,,,,,,,,,,,,,,,,,,,,,,,,,,,,,,,,,,,,,,,,,,,
,,,,,,,,,,,,,,,,,,,,,,,,,,,,,,,,,,,,,,,,,,,,,,,,
,,,,,,,,,,,,,,,,,,,,,,,,,,,,,,,,,,,,,,,,,,,,,,,,
,,,,,,,,,,,,,,,,,,,,,,,,,,,,,,,,,,,,,,,,,,,,,,,,
,,,,,,,,,,,,,,,,,,,,,,,,,,,,,,,,,,,,,,,,,,,,,,,,
,,,,,,,,,,,,,,,,,,,,,,,,,,,,,,,,,,,,,,,,,,,,,,,,
,,,,,,,,,,,,,,,,,,,,,,,,,,,,,,,,,,,,,,,,,,,,,,,,
,,,,,,,,,,,,,,,,,,,,,,,,,,,,,,,,,,,,,,,,,,,,,,,,
#BUILTIN,,,,,,,,,,,,,,,,,,,,,,,,,,,,,,,,,,,,,,,,,,,,,,,,
,debris_launcher0,,,,200,,1,2,,0,,,,,FRAGMENTATION,,,,,,,5,5,0,0,,225,,,10,,,SYSTEM,,,,,,,,,,,,,,,
,debris_launcher1,,,,200,,1,2,,0,,,,,FRAGMENTATION,,,,,,,5,5,0,0,,275,,,10,,,SYSTEM,,,,,,,,,,,,,,,
,debris_launcher2,,,,200,,1,2,,0,,,,,FRAGMENTATION,,,,,,,5,5,0,0,,350,,,10,,,SYSTEM,,,,,,,,,,,,,,,
,debris_launcher3,,,,200,,1,2,,0,,,,,FRAGMENTATION,,,,,,,5,5,0,0,,400,,,10,,,SYSTEM,,,,,,,,,,,,,,,
,debris_launcher4,,,,200,,1,2,,0,,,,,FRAGMENTATION,,,,,,,5,5,0,0,,350,,,10,,,SYSTEM,,,,,,,,,,,,,,,
,debris_launcher5,,,,200,,1,2,,0,,,,,FRAGMENTATION,,,,,,,5,5,0,0,,275,,,10,,,SYSTEM,,,,,,,,,,,,,,,
,debris_launcher6,,,,200,,1,2,,0,,,,,FRAGMENTATION,,,,,,,5,5,0,0,,350,,,10,,,SYSTEM,,,,,,,,,,,,,,,
,debris_launcher7,,,,200,,1,2,,0,,,,,FRAGMENTATION,,,,,,,5,5,0,0,,375,,,10,,,SYSTEM,,,,,,,,,,,,,,,
,debris_launcher8,,,,200,,1,2,,0,,,,,FRAGMENTATION,,,,,,,5,5,0,0,,385,,,10,,,SYSTEM,,,,,,,,,,,,,,,
,diableavionics_hexafire_ricochet,,,,500,,66,10,,,,,,,ENERGY,,,,,,,0,0,0,0,,700,,,120,,,SYSTEM,,,,,,,,,,,,,,,
,diableavionics_banishWarhead,,,,1100,,1500,1500,500,,,,,,ENERGY,,,,,,,0,0,0,0,,500,500,6,300,,,SYSTEM,,,,,,,,,,,,,,,
,diableavionics_derechoSystem,,,,1,1,,,,,,,,,,,,,10,,,,,,,,,,,,,,SYSTEM,,,,,,,,,,,,,,,
,diableavionics_ecmModuleSystem,,,,1,1,,,,,,,,,,,,,10,,,,,,,,,,,,,,SYSTEM,,,,,,,,,,,,,,,
,diableavionics_rime_system,,,,1,1,,,,,,,,,,,,,10,,,,,,,,,,,,,,SYSTEM,,,,,,,,,,,,,,,
,diableavionics_gustSystem,,,,1,1,,,,,,,,,,,,,10,,,,,,,,,,,,,,SYSTEM,,,,,,,,,,,,,,,
,diableavionics_calmSystem,,,,1,1,,,,,,,,,,,,,10,,,,,,,,,,,,,,SYSTEM,,,,,,,,,,,,,,,
,diableavionics_armor,,,,1,1,,,,,,,,,,,,,10,,,,,,,,,,,,,,SYSTEM,,,,,,,,,,,,,,,
,diableavionics_armorModule,,,,1,1,,,,,,,,,,,,,10,,,,,,,,,,,,,,SYSTEM,,,,,,,,,,,,,,,
Deep Strike Pod,diableavionics_station_deepStrike,4,,350,10000,,500,2000,500,0,50,1,,,ENERGY,0,,1,30,1,,0,0,0,0,,500,50,20,500,,,"STRIKE,DO_NOT_AIM,SYSTEM","strike20, missile20",,Diable Avionics,,,,,,,,,,,TRUE,9.7
,diableavionics_deepStrikeGlow,,,,1,1,,,,,,,,,,,,,10,,,,,,,,,,,,,,SYSTEM,,,,,,,,,,,,,,,
,,,,,,,,,,,,,,,,,,,,,,,,,,,,,,,,,,,,,,,,,,,,,,,,
,,,,,,,,,,,,,,,,,,,,,,,,,,,,,,,,,,,,,,,,,,,,,,,,
#VERSANT FRIGATE,,,,,,,,,,,,,,,,,,,,,,,,,,,,,,,,,,,,,,,,,,,,,,,,
,,,,,,,,,,,,,,,,,,,,,,,,,,,,,,,,,,,,,,,,,,,,,,,,
#Harvest (auto),diableavionics_versant_harvest_LEFT,4,,,750,,75,,,180,0,,,,ENERGY,85,,0,0.25,,,0,20,1,2.5,,2000,,,100,,,SYSTEM,"no_drop, no_sell, no_drop_salvage",,Diable Avionics,,Assault,,,,,,,,,,
#Harvest (auto),diableavionics_versant_harvest_RIGHT,4,,,750,,75,,,180,0,,,,ENERGY,85,,0,0.25,,,0,20,1,2.5,,2000,,,100,,,SYSTEM,"no_drop, no_sell, no_drop_salvage",,Diable Avionics,,Assault,,,,,,,,,,
#Harvest (burst),diableavionics_versant_harvestB_LEFT,4,,,800,,75,,,180,0,,,,ENERGY,75,,0,0.8,3,0.1,0,5,1,5,,2000,,,100,,,SYSTEM,"no_drop, no_sell, no_drop_salvage",,Diable Avionics,,General,,,,,,,,,,
#Harvest (burst),diableavionics_versant_harvestB_RIGHT,4,,,800,,75,,,180,0,,,,ENERGY,75,,0,0.8,3,0.1,0,5,1,5,,2000,,,100,,,SYSTEM,"no_drop, no_sell, no_drop_salvage",,Diable Avionics,,General,,,,,,,,,,
#$Harvest (semi-auto),diableavionics_versant_harvestC_LEFT,4,,,850,,150,,,180,0,6,1.25,3,ENERGY,200,,0,0.05,9999,0.5,0,15,2.5,2.5,,2000,,,100,,,SYSTEM,"no_drop, no_sell, no_drop_salvage",,Diable Avionics,,Strike,,,,,,,%s: can fire as fast as the triger is pulled.,Semi-auto weapon,,
#Harvest (semi-auto),diableavionics_versant_harvestC_RIGHT,4,,,850,,150,,,180,0,6,1.25,3,ENERGY,200,,0,0.05,9999,0.5,0,15,2.5,2.5,,2000,,,100,,,SYSTEM,"no_drop, no_sell, no_drop_salvage",,Diable Avionics,,Strike,,,,,,,%s: can fire as fast as the triger is pulled.,Semi-auto weapon,,
,,,,,,,,,,,,,,,,,,,,,,,,,,,,,,,,,,,,,,,,,,,,,,,,
Harvest (auto),diableavionics_versant_harvest_LEFT,4,,,700,,100,100,,180,0,,,,ENERGY,90,,0,0.25,,,0,20,1,2.5,,2000,,,100,,,SYSTEM,"no_drop, no_sell, no_drop_salvage",,Diable Avionics,,Assault,,,,,,,,,,
Harvest (auto),diableavionics_versant_harvest_RIGHT,4,,,700,,100,100,,180,0,,,,ENERGY,90,,0,0.25,,,0,20,1,2.5,,2000,,,100,,,SYSTEM,"no_drop, no_sell, no_drop_salvage",,Diable Avionics,,Assault,,,,,,,,,,
,,,,,,,,,,,,,,,,,,,,,,,,,,,,,,,,,,,,,,,,,,,,,,,,
Harvest (burst),diableavionics_versant_harvestB_LEFT,4,,,800,,150,,,180,0,,,,ENERGY,70,,0,0.8,3,0.1,0,5,1,5,,2000,,,100,,,"ANTI_FTR,PD_ALSO,SYSTEM","no_drop, no_sell, no_drop_salvage",,Diable Avionics,,General,,,,,,,,,,
Harvest (burst),diableavionics_versant_harvestB_RIGHT,4,,,800,,150,,,180,0,,,,ENERGY,70,,0,0.8,3,0.1,0,5,1,5,,2000,,,100,,,"ANTI_FTR,PD_ALSO,SYSTEM","no_drop, no_sell, no_drop_salvage",,Diable Avionics,,General,,,,,,,,,,
,,,,,,,,,,,,,,,,,,,,,,,,,,,,,,,,,,,,,,,,,,,,,,,,
Harvest (semi-auto),diableavionics_versant_harvestC_LEFT,4,,,900,,300,,,180,0,4,0.667,2,ENERGY,330,,0,0.05,9999,0.5,0,15,2.5,2.5,,2000,,,100,,,SYSTEM,"no_drop, no_sell, no_drop_salvage",,Diable Avionics,,Strike,,,,,,,%s: can fire as fast as the triger is pulled.,Semi-auto weapon,,
Harvest (semi-auto),diableavionics_versant_harvestC_RIGHT,4,,,900,,300,,,180,0,4,0.667,2,ENERGY,330,,0,0.05,9999,0.5,0,15,2.5,2.5,,2000,,,100,,,SYSTEM,"no_drop, no_sell, no_drop_salvage",,Diable Avionics,,Strike,,,,,,,%s: can fire as fast as the triger is pulled.,Semi-auto weapon,,0
,,,,,,,,,,,,,,,,,,,,,,,,,,,,,,,,,,,,,,,,,,,,,,,,
,diableavionics_versant_barrel_LEFT,,,,1,1,,,,,,,,,,,,,10,,,,,,,,,,,,,,SYSTEM,,,,,,,,,,,,,,,
,diableavionics_versant_barrel_RIGHT,,,,1,1,,,,,,,,,,,,,10,,,,,,,,,,,,,,SYSTEM,,,,,,,,,,,,,,,
,diableavionics_versant_door_LEFT,,,,1,1,,,,,,,,,,,,,10,,,,,,,,,,,,,,SYSTEM,,,,,,,,,,,,,,,
,diableavionics_versant_door_RIGHT,,,,1,1,,,,,,,,,,,,,10,,,,,,,,,,,,,,SYSTEM,,,,,,,,,,,,,,,
,diableavionics_versant_bit_LEFT,,,,1,1,,,,,,,,,,,,,10,,,,,,,,,,,,,,SYSTEM,,,,,,,,,,,,,,,
,diableavionics_versant_bit_RIGHT,,,,1,1,,,,,,,,,,,,,10,,,,,,,,,,,,,,SYSTEM,,,,,,,,,,,,,,,
,diableavionics_versant_panel_LEFT,,,,1,1,,,,,,,,,,,,,10,,,,,,,,,,,,,,SYSTEM,,,,,,,,,,,,,,,
,diableavionics_versant_panel_RIGHT,,,,1,1,,,,,,,,,,,,,10,,,,,,,,,,,,,,SYSTEM,,,,,,,,,,,,,,,
,diableavionics_versant_slots,,,,1,1,,,,,,,,,,,,,10,,,,,,,,,,,,,,SYSTEM,,,,,,,,,,,,,,,
,diableavionics_versant_shield_LEFT,,,,1,1,,,,,,,,,,,,,10,,,,,,,,,,,,,,SYSTEM,,,,,,,,,,,,,,,
,diableavionics_versant_shield_RIGHT,,,,1,1,,,,,,,,,,,,,10,,,,,,,,,,,,,,SYSTEM,,,,,,,,,,,,,,,
,diableavionics_versant_prong_LEFT,,,,1,1,,,,,,,,,,,,,10,,,,,,,,,,,,,,SYSTEM,,,,,,,,,,,,,,,
,diableavionics_versant_prong_RIGHT,,,,1,1,,,,,,,,,,,,,10,,,,,,,,,,,,,,SYSTEM,,,,,,,,,,,,,,,
,,,,,,,,,,,,,,,,,,,,,,,,,,,,,,,,,,,,,,,,,,,,,,,,
#VIRTUOUS DESTROYER,,,,,,,,,,,,,,,,,,,,,,,,,,,,,,,,,,,,,,,,,,,,,,,,
,,,,,,,,,,,,,,,,,,,,,,,,,,,,,,,,,,,,,,,,,,,,,,,,
,diableavionics_virtuous_shoulderL,,,,1,1,,,,,,,,,,,,,10,,,,,,,,,,,,,,SYSTEM,,,,,,,,,,,,,,,
,diableavionics_virtuous_shoulderR,,,,1,1,,,,,,,,,,,,,10,,,,,,,,,,,,,,SYSTEM,,,,,,,,,,,,,,,
,,,,,,,,,,,,,,,,,,,,,,,,,,,,,,,,,,,,,,,,,,,,,,,,
,diableavionics_mmDump,,,,2000,,300,,5,0,,,,,FRAGMENTATION,50,,2,0,16,0.2,6,6,5,6,,600,100,5,50,,,"SYSTEM, DO_NOT_AIM, DO_NOT_CONSERVE, DO_NOT_AIM",,,,,,,,,,,,,,,
,diableavionics_virtuous_mmDump_DEM,,,,2000,,300,,5,0,,,,,FRAGMENTATION,0,,0,0,16,0.05,6,6,5,6,,600,100,5,50,,,"SYSTEM, DO_NOT_AIM, DO_NOT_CONSERVE",,,,,,,,,,,,,,,
,,,,,,,,,,,,,,,,,,,,,,,,,,,,,,,,,,,,,,,,,,,,,,,,
#HEADS,,,,,,,,,,,,,,,,,,,,,,,,,,,,,,,,,,,,,,,,,,,,,,,,
Burchel Beam Repeater,diableavionics_virtuous_headA,2,0.5,600,600,250,,,,75,0,6,0.5,3,ENERGY,,333,,,0.48,0.02,,,,,1000000,,,,,,,"PD,ANTI_FTR,SYSTEM","pd9,beam8, no_drop, no_sell, no_drop_salvage",,Diable Avionics,,Point Defense,,,,,,,,,,
Winee EMPR,diableavionics_virtuous_headB,2,0.5,600,600,,25,400,25,50,0,,,,ENERGY,50,,0.5,7.2,5,0.075,,,,,,1000,,,25,,,"FIRE_WHEN_INEFFICIENT, SYSTEM","energy5, no_drop, no_sell, no_drop_salvage",,Diable Avionics,,Support,,,,,"%s: Hits on shields while at high hard flux or on hull have a %s chance to arc to weapons and engines, dealing extra EMP damage. ",EMP Arcs|25%,,,,
Grave LAC,diableavionics_virtuous_headC,1,,600,500,,50,,10,30,0,9,1.666,3,KINETIC,50,,0,0.4,,,5,10,0.5,3,,900,,,100,,,SYSTEM,"kinetic8, SR, no_drop, no_sell, no_drop_salvage",,Diable Avionics,,Anti Shield,,,,,,,,,,
Magicbox PD Missile,diableavionics_virtuous_headD,1,0.75,400,1000,,150,,3,15,0,8,0.15,1,FRAGMENTATION,25,,0.5,1,1,0,7,14,14,12,,475,35,3.7,40,,,"DO_NOT_AIM, DO_NOT_CONSERVE, PD_ONLY, PD, SYSTEM","pd9, missile0, no_drop, no_sell, no_drop_salvage",,Diable Avionics,,Point Defense (Area),Excelent,Excelent,,,,,,,,11.23
,,,,,,,,,,,,,,,,,,,,,,,,,,,,,,,,,,,,,,,,,,,,,,,,
#ARMS,,,,,,,,,,,,,,,,,,,,,,,,,,,,,,,,,,,,,,,,,,,,,,,,
Scicle Blaster,diableavionics_virtuous_scicle_L,4,,,800,,250,50,50,120,0,12,1.6,6,ENERGY,250,,0,0.5,9999,0.2,0,16,0.5,2,,1000,,,100,,,"NO_TURN_RATE_BOOST_WHEN_IDLE, SYSTEM, DO_NOT_CONSERVE","no_drop, no_sell, no_drop_salvage",,Diable Avionics,,Strike,,,,,,,,,,0
Scicle Blaster,diableavionics_virtuous_scicle_R,4,,,800,,250,50,50,120,0,12,1.6,6,ENERGY,250,,0,0.5,9999,0.2,0,16,0.5,2,,1000,,,100,,,"NO_TURN_RATE_BOOST_WHEN_IDLE, SYSTEM, DO_NOT_CONSERVE","no_drop, no_sell, no_drop_salvage",,Diable Avionics,,Strike,,,,,,,,,,
,,,,,,,,,,,,,,,,,,,,,,,,,,,,,,,,,,,,,,,,,,,,,,,,
Snowblast Shotgun,diableavionics_virtuous_snowblast_L,4,,,900,,250,,,150,0,2,1.2,3,KINETIC,250,,0,0,3,0.8333,7.5,22.5,5,5,,800,,,100,,,"NO_TURN_RATE_BOOST_WHEN_IDLE, SYSTEM, DO_NOT_CONSERVE","no_drop, no_sell, no_drop_salvage",,Diable Avionics,,Shredder,,,,,,,%s: can fire as fast as the triger is pulled.,Semi-auto weapon,,
Snowblast Shotgun,diableavionics_virtuous_snowblast_R,4,,,900,,250,,,150,0,2,1.2,3,KINETIC,250,,0,0,3,0.8333,7.5,22.5,5,5,,800,,,100,,,"NO_TURN_RATE_BOOST_WHEN_IDLE, SYSTEM, DO_NOT_CONSERVE","no_drop, no_sell, no_drop_salvage",,Diable Avionics,,Shredder,,,,,,,%s: can fire as fast as the triger is pulled.,Semi-auto weapon,,
,,,,,,,,,,,,,,,,,,,,,,,,,,,,,,,,,,,,,,,,,,,,,,,,
Excision Sniper Cannon,diableavionics_virtuous_excision_L,4,,,1200,,1250,,500,0,0,,,,HIGH_EXPLOSIVE,1375,,0,3.1275,,,0,8,2,8,,4000,,,100,,,"NO_TURN_RATE_BOOST_WHEN_IDLE, SYSTEM","no_drop, no_sell, no_drop_salvage",,Diable Avionics,,Anti-material Rifle,,,,,,,,,,
Excision Sniper Cannon,diableavionics_virtuous_excision_R,4,,,1200,,1250,,500,0,0,,,,HIGH_EXPLOSIVE,1375,,0,3.1275,,,0,8,2,8,,4000,,,100,,,"NO_TURN_RATE_BOOST_WHEN_IDLE, SYSTEM","no_drop, no_sell, no_drop_salvage",,Diable Avionics,,Anti-material Rifle,,,,,,,,,,
,,,,,,,,,,,,,,,,,,,,,,,,,,,,,,,,,,,,,,,,,,,,,,,,
Glaux Mk.II,diableavionics_virtuous_glaux_L,4,,,800,600,,300,,90,0,8,1,4,ENERGY,,660,,,0.5,0.1,,,,,1000000,,,,,,,"NO_TURN_RATE_BOOST_WHEN_IDLE, SYSTEM, DO_NOT_CONSERVE","energy20,beam20, no_drop, no_sell, no_drop_salvage",,,,,,,,,%s: Deals %s damage to fighters and drones.,Superior Lenses|double,,,,
Glaux Mk.II,diableavionics_virtuous_glaux_R,4,,,800,600,,300,,90,0,8,1,4,ENERGY,,660,,,0.5,0.1,,,,,1000000,,,,,,,"NO_TURN_RATE_BOOST_WHEN_IDLE, SYSTEM, DO_NOT_CONSERVE","energy20,beam20, no_drop, no_sell, no_drop_salvage",,,,,,,,,%s: Deals %s damage to fighters and drones.,Superior Lenses|double,,,,
,,,,,,,,,,,,,,,,,,,,,,,,,,,,,,,,,,,,,,,,,,,,,,,,
Grasshopper Grenade Launcher,diableavionics_virtuous_grasshopper_L,4,,,900,,500,,,90,0,10,0.5,5,HIGH_EXPLOSIVE,,,0,1,9999,0.2,5,10,3,6,,500,650,5.5,300,-0.5,0,"NO_TURN_RATE_BOOST_WHEN_IDLE, SYSTEM, DO_NOT_CONSERVE, FIRE_WHEN_INEFFICIENT","he20, no_drop, no_sell, no_drop_salvage",,,,,,,,,,,,,,
Grasshopper Grenade Launcher,diableavionics_virtuous_grasshopper_R,4,,,900,,500,,,90,0,10,0.5,5,HIGH_EXPLOSIVE,,,0,1,9999,0.2,5,10,3,6,,500,650,5.5,300,-0.5,0,"NO_TURN_RATE_BOOST_WHEN_IDLE, SYSTEM, DO_NOT_CONSERVE, FIRE_WHEN_INEFFICIENT","he20, no_drop, no_sell, no_drop_salvage",,,,,,,,,,,,,,
,,,,,,,,,,,,,,,,,,,,,,,,,,,,,,,,,,,,,,,,,,,,,,,,
Beast Cannon Cluster,diableavionics_virtuous_beast_L,4,,,900,,250,,50,90,0,,,,HIGH_EXPLOSIVE,250,,0,2.5,,,3,6,0.5,3,,650,,,60,,,"NO_TURN_RATE_BOOST_WHEN_IDLE, SYSTEM","he17, no_drop, no_sell, no_drop_salvage",,Diable Avionics,,Anti Armor,,,,,,,,,,
Beast Cannon Cluster,diableavionics_virtuous_beast_R,4,,,900,,250,,50,90,0,,,,HIGH_EXPLOSIVE,250,,0,2.5,,,3,6,0.5,3,,650,,,60,,,"NO_TURN_RATE_BOOST_WHEN_IDLE, SYSTEM","he17, no_drop, no_sell, no_drop_salvage",,Diable Avionics,,Anti Armor,,,,,,,,,,
,,,,,,,,,,,,,,,,,,,,,,,,,,,,,,,,,,,,,,,,,,,,,,,,
Roar Gatling Gun,diableavionics_virtuous_roar_L,4,,,900,,40,,,120,0,100,7.5,100,KINETIC,30,,0.7,0.3,9999,0.0666,2,10,0.05,4,,3000,,,25,,,"NO_TURN_RATE_BOOST_WHEN_IDLE, SYSTEM, DO_NOT_CONSERVE","kinetic18, no_drop, no_sell, no_drop_salvage",,Diable Avionics,,Shield Suppression,,,,,,,,,,
Roar Gatling Gun,diableavionics_virtuous_roar_R,4,,,900,,40,,,120,0,100,7.5,100,KINETIC,30,,0.7,0.3,9999,0.0666,2,10,0.05,4,,3000,,,25,,,"NO_TURN_RATE_BOOST_WHEN_IDLE, SYSTEM, DO_NOT_CONSERVE","kinetic18, no_drop, no_sell, no_drop_salvage",,Diable Avionics,,Shield Suppression,,,,,,,,,,
,,,,,,,,,,,,,,,,,,,,,,,,,,,,,,,,,,,,,,,,,,,,,,,,=
#PAULDRONS,,,,,,,,,,,,,,,,,,,,,,,,,,,,,,,,,,,,,,,,,,,,,,,,
,diableavionics_virtuous_pauldronA_L,,,,1,1,,,,,,,,,,,,,10,,,,,,,,,,,,,,SYSTEM,,,,,,,,,,,,,,,
,diableavionics_virtuous_pauldronA_R,,,,1,1,,,,,,,,,,,,,10,,,,,,,,,,,,,,SYSTEM,,,,,,,,,,,,,,,
,diableavionics_virtuous_pauldronA_LG,,,,1,1,,,,,,,,,,,,,10,,,,,,,,,,,,,,SYSTEM,,,,,,,,,,,,,,,
,diableavionics_virtuous_pauldronA_RG,,,,1,1,,,,,,,,,,,,,10,,,,,,,,,,,,,,SYSTEM,,,,,,,,,,,,,,,
,,,,,,,,,,,,,,,,,,,,,,,,,,,,,,,,,,,,,,,,,,,,,,,,
,diableavionics_virtuous_pauldronB_L,,,,1,1,,,,,,,,,,,,,10,,,,,,,,,,,,,,SYSTEM,,,,,,,,,,,,,,,
,diableavionics_virtuous_pauldronB_R,,,,1,1,,,,,,,,,,,,,10,,,,,,,,,,,,,,SYSTEM,,,,,,,,,,,,,,,
,diableavionics_virtuous_pauldronB_LG,,,,1,1,,,,,,,,,,,,,10,,,,,,,,,,,,,,SYSTEM,,,,,,,,,,,,,,,
,diableavionics_virtuous_pauldronB_RG,,,,1,1,,,,,,,,,,,,,10,,,,,,,,,,,,,,SYSTEM,,,,,,,,,,,,,,,
,,,,,,,,,,,,,,,,,,,,,,,,,,,,,,,,,,,,,,,,,,,,,,,,
,diableavionics_virtuous_pauldronC_L,,,,1,1,,,,,,,,,,,,,10,,,,,,,,,,,,,,SYSTEM,,,,,,,,,,,,,,,
,diableavionics_virtuous_pauldronC_R,,,,1,1,,,,,,,,,,,,,10,,,,,,,,,,,,,,SYSTEM,,,,,,,,,,,,,,,
,diableavionics_virtuous_pauldronC_LG,,,,1,1,,,,,,,,,,,,,10,,,,,,,,,,,,,,SYSTEM,,,,,,,,,,,,,,,
,diableavionics_virtuous_pauldronC_RG,,,,1,1,,,,,,,,,,,,,10,,,,,,,,,,,,,,SYSTEM,,,,,,,,,,,,,,,
,,,,,,,,,,,,,,,,,,,,,,,,,,,,,,,,,,,,,,,,,,,,,,,,
,diableavionics_virtuous_pauldronD_L,,,,1,1,,,,,,,,,,,,,10,,,,,,,,,,,,,,SYSTEM,,,,,,,,,,,,,,,
,diableavionics_virtuous_pauldronD_R,,,,1,1,,,,,,,,,,,,,10,,,,,,,,,,,,,,SYSTEM,,,,,,,,,,,,,,,
,diableavionics_virtuous_pauldronD_LG,,,,1,1,,,,,,,,,,,,,10,,,,,,,,,,,,,,SYSTEM,,,,,,,,,,,,,,,
,diableavionics_virtuous_pauldronD_RG,,,,1,1,,,,,,,,,,,,,10,,,,,,,,,,,,,,SYSTEM,,,,,,,,,,,,,,,
,,,,,,,,,,,,,,,,,,,,,,,,,,,,,,,,,,,,,,,,,,,,,,,,
,,,,,,,,,,,,,,,,,,,,,,,,,,,,,,,,,,,,,,,,,,,,,,,,
,,,,,,,,,,,,,,,,,,,,,,,,,,,,,,,,,,,,,,,,,,,,,,,,
,,,,,,,,,,,,,,,,,,,,,,,,,,,,,,,,,,,,,,,,,,,,,,,,
#ARBITRATOR,,,,,,,,,,,,,,,,,,,,,,,,,,,,,,,,,,,,,,,,,,,,,,,,
Booster,diableavionics_arbitratorBooster,,,,750,,600,,,5,5,1,0.001,1,HIGH_EXPLOSIVE,,,0,1,0,0,0,0,0,0,,500,-50,5,120,,,"SYSTEM,DO_NOT_AIM,PD",,,,,,,,,,,,,,,
Artassault Revolver Cannon,diableavionics_arbitratorartassault,0,,450,500,,65,,,60,5,,,,HIGH_EXPLOSIVE,,,0,1.6,5,0.1,0,5,1,5,,1000,,,25,,,SYSTEM,he8,,,,,,,,,,,,,,
,,,,,,,,,,,,,,,,,,,,,,,,,,,,,,,,,,,,,,,,,,,,,,,,
#ARBITRATOR Z,,,,,,,,,,,,,,,,,,,,,,,,,,,,,,,,,,,,,,,,,,,,,,,,
Plover Rocket Rack,diableavionics_plover_fighter,0,,1220,600,,200,,33,12,10,4,,,HIGH_EXPLOSIVE,0,,0,5,4,0.1,5,10,2,1,,500,200,4,100,,,SYSTEM,"rocket13, strike8",,,,,,,,,,,,,,
,,,,,,,,,,,,,,,,,,,,,,,,,,,,,,,,,,,,,,,,,,,,,,,,
,diableavionics_wanzerArm,,,,1,1,,,,,,,,,,,,,10,,,,,,,,,,,,,,SYSTEM,,,,,,,,,,,,,,,
,,,,,,,,,,,,,,,,,,,,,,,,,,,,,,,,,,,,,,,,,,,,,,,,
#AVALANCHE,,,,,,,,,,,,,,,,,,,,,,,,,,,,,,,,,,,,,,,,,,,,,,,,
Snub Recson,diableavionics_avalancheHead,,,,600,,250,,,45,,,,,KINETIC,,,0,3.5,2,0.5,2,6,5,6,,600,,,100,,,SYSTEM,,,Diable Avionics,,Anti Shield,,,,,,,,,,
Snow Ball Shotgun,diableavionics_avalancheGun,,,,500,,360,,,30,,,,,HIGH_EXPLOSIVE,,,0,2,,,2,4,0.5,2.5,,1000,,,100,,,"SYSTEM, DO_NOT_CONSERVE, PD, PD_ALSO",,,Diable Avionics,,Shredder,,,,,,,,,,
,,,,,,,,,,,,,,,,,,,,,,,,,,,,,,,,,,,,,,,,,,,,,,,,
,diableavionics_avalancheProjNormal,,,,500,,60,,,,,,,,HIGH_EXPLOSIVE,,,0,1,,,,,,,,1000,,,100,,,SYSTEM,,,,,,,,,,,,,,,
,diableavionics_avalancheProjSuper,,,,500,,60,,,,,,,,HIGH_EXPLOSIVE,,,0,1,,,,,,,,1000,,,100,,,SYSTEM,,,,,,,,,,,,,,,
,,,,,,,,,,,,,,,,,,,,,,,,,,,,,,,,,,,,,,,,,,,,,,,,
,diableavionics_avalanchePauldronL,,,,1,1,,,,,,,,,,,,,10,,,,,,,,,,,,,,SYSTEM,,,,,,,,,,,,,,,
,diableavionics_avalanchePauldronR,,,,1,1,,,,,,,,,,,,,10,,,,,,,,,,,,,,SYSTEM,,,,,,,,,,,,,,,
Thunderbolt SRM Torso,diableavionics_avalancheTorso,0,,400,600,,550,,5,6,5,2,,,HIGH_EXPLOSIVE,,,,10,,,6,9,9,9,,300,50,6,100,,,"DO_NOT_AIM,SYSTEM",,,,,,,,,,,,,,,
,diableavionics_avalancheArm,,,,1,1,,,,,,,,,,,,,10,,,,,,,,,,,,,,SYSTEM,,,,,,,,,,,,,,,
,,,,,,,,,,,,,,,,,,,,,,,,,,,,,,,,,,,,,,,,,,,,,,,,
#WARLUST,,,,,,,,,,,,,,,,,,,,,,,,,,,,,,,,,,,,,,,,,,,,,,,,
IBIS (mono-barrel),diableavionics_warlusthead,,,,300,,40,,,90,4,,,,FRAGMENTATION,,,0,0.1,1,,0,12,1,20,,1000,,,10,,,"PD,PD_ONLY,SYSTEM",,,,,,,,,,,,,,,
Magicbox Missile Rack,diableavionics_warlustmissile,1,0.75,450,750,,150,,3,15,5,8,0.5,1,FRAGMENTATION,,,0,1.5,,,7,14,14,12,,475,35,3.7,40,,,"PD,PD_ONLY,DO_NOT_AIM,SYSTEM",,,,,,,,,,,,,,,
DMR,diableavionics_warlustgun,,,,900,,400,200,50,25,,,,,KINETIC,,,0,2,,,2,5,2,6,,2000,,,100,,,SYSTEM,,,,,,,,,,,,,,,
IBIS (mono-barrel),diableavionics_warlust_drone,,,,300,,40,,,90,4,,,,FRAGMENTATION,,,0,0.1,1,,0,12,1,20,,1000,,,10,,,"PD,SYSTEM",,,,,,,,,,,,,,,
,diableavionics_warlustpauldron,,,,1,1,,,,,,,,,,,,,10,,,,,,,,,,,,,,SYSTEM,,,,,,,,,,,,,,,
,,,,,,,,,,,,,,,,,,,,,,,,,,,,,,,,,,,,,,,,,,,,,,,,
#FROST WANZER,,,,,,,,,,,,,,,,,,,,,,,,,,,,,,,,,,,,,,,,,,,,,,,,
IBIS (mono-barrel),diableavionics_frosthead,,,,300,,40,,,90,4,,,,FRAGMENTATION,,,0,0.1,1,,0,12,1,20,,1000,,,10,,,"PD,PD_ONLY,SYSTEM",,,,,,,,,,,,,,,
Covet Handgun,diableavionics_frostLeftArm,,,,400,,75,,,30,,6,2,6,KINETIC,,,0,0.15,0,,3,10,3,6,,750,,,10,,,SYSTEM,,,,,,,,,,,,,,,
Monofilament Blade,diableavionics_frostBlade,,,,20,500,,,,,,1,0.001,,HIGH_EXPLOSIVE,,,0.05,0.05,,,,,,,1000000,,,,,,,SYSTEM,,,,,,,,,,,,,,,
,diableavionics_frostRightArm,,,,1,1,,,,,,,,,,,,,10,,,,,,,,,,,,,,SYSTEM,,,,,,,,,,,,,,,
,diableavionics_frostPauldron,,,,1,1,,,,,,,,,,,,,10,,,,,,,,,,,,,,SYSTEM,,,,,,,,,,,,,,,
,diableavionics_frostPauldron2,,,,1,1,,,,,,,,,,,,,10,,,,,,,,,,,,,,SYSTEM,,,,,,,,,,,,,,,
,,,,,,,,,,,,,,,,,,,,,,,,,,,,,,,,,,,,,,,,,,,,,,,,
#STRIFE,,,,,,,,,,,,,,,,,,,,,,,,,,,,,,,,,,,,,,,,,,,,,,,,
IBIS (mono-barrel),diableavionics_strifehead,,,,300,,40,,,90,4,,,,FRAGMENTATION,,,0,0.1,1,,0,12,1,20,,1000,,,10,,,"PD,PD_ONLY,SYSTEM",,,,,,,,,,,,,,,
Grom Gatling Gun,diableavionics_strifegun,,,,550,,65,,,30,,10,6.923,10,FRAGMENTATION,,,0.25,0.25,99999,0.0722,1,10,1,6,,1500,,,100,,,"SYSTEM,PD_ALSO",,,,,,,,,,,,,,,
,diableavionics_strifeTorso,,,,1,1,,,,,,,,,,,,,10,,,,,,,,,,,,,,SYSTEM,,,,,,,,,,,,,,,
,diableavionics_strifeGlow,,,,1,1,,,,,,,,,,,,,10,,,,,,,,,,,,,,SYSTEM,,,,,,,,,,,,,,,
,diableavionics_strifeRightArm,,,,1,1,,,,,,,,,,,,,10,,,,,,,,,,,,,,SYSTEM,,,,,,,,,,,,,,,
,diableavionics_strifeRightPauldron,,,,1,1,,,,,,,,,,,,,10,,,,,,,,,,,,,,SYSTEM,,,,,,,,,,,,,,,
,diableavionics_strifeLeftArm,,,,1,1,,,,,,,,,,,,,10,,,,,,,,,,,,,,SYSTEM,,,,,,,,,,,,,,,
,diableavionics_strifeLeftPauldron,,,,1,1,,,,,,,,,,,,,10,,,,,,,,,,,,,,SYSTEM,,,,,,,,,,,,,,,
,,,,,,,,,,,,,,,,,,,,,,,,,,,,,,,,,,,,,,,,,,,,,,,,
#BLIZZAIA,,,,,,,,,,,,,,,,,,,,,,,,,,,,,,,,,,,,,,,,,,,,,,,,
IBIS (mono-barrel),diableavionics_blizzaiaHead,,,,300,,40,,,40,5,,,,FRAGMENTATION,,,0,0.1,1,,0,12,1,20,,1000,,,10,,,"PD,PD_ONLY,SYSTEM",,,,,,,,,,,,,,,
Nocturne EMP Cluster,diableavionics_blizzaiaNocturne,3,0.75,2300,550,380,,720,20,12,11,,,,KINETIC,,,0.5,0.5,1,3,,,,,2500,,,,,,,"FIRE_WHEN_INEFFICIENT,SYSTEM","beam10, LR",,Diable Avionics,,Suppression,,,,,,,,,,
Grave LAC (slow),diableavionics_blizzaiaGraveac,1,,750,500,,70,,10,30,6,9,1,3,KINETIC,,,0,0.4,,,5,10,0.5,3,,900,,,100,,,"FIRE_WHEN_INEFFICIENT, SYSTEM","kinetic8, SR",,Diable Avionics,,Anti Shield,,,,,,,,,,
Cicada Grenade Launcher,diableavionics_blizzaiaCicada,,,,500,,500,,,30,,,,,HIGH_EXPLOSIVE,,,0,7.4,5,0.2,5,10,3,6,,350,450,3.5,300,-0.5,,"FIRE_WHEN_INEFFICIENT,SYSTEM, DO_NOT_CONSERVE",,,,,,,,,,,,,,,
,diableavionics_blizzaiaShoulderL,,,,1,1,,,,,,,,,,,,,10,,,,,,,,,,,,,,SYSTEM,,,,,,,,,,,,,,,
,diableavionics_blizzaiaShoulderR,,,,1,1,,,,,,,,,,,,,10,,,,,,,,,,,,,,SYSTEM,,,,,,,,,,,,,,,
,,,,,,,,,,,,,,,,,,,,,,,,,,,,,,,,,,,,,,,,,,,,,,,,
#RAVEN,,,,,,,,,,,,,,,,,,,,,,,,,,,,,,,,,,,,,,,,,,,,,,,,
Burchel (long delay),diableavionics_ravenhead,,,,600,,150,,,36,9,9,0.75,2,ENERGY,,,0,0,0.48,0.02,,,,,1000000,,,,,,,"PD,PD_ONLY,SYSTEM",,,,,,,,,,,,,,,
Glowtusk Linear Rifle,diableavionics_ravenright,1,,2250,600,,500,,50,25,11,,,,HIGH_EXPLOSIVE,,,0,2.5,,,3,10,3,1,,850,,,350,,,SYSTEM,,,,,,,,,,,,,,,
Grave HMC,diableavionics_ravenleft,1,,1750,650,,65,,10,30,11,,,,KINETIC,,,0,0.2,1,,1,10,0.5,3,,700,,,100,,,SYSTEM,,,,,,,,,,,,,,,
,,,,,,,,,,,,,,,,,,,,,,,,,,,,,,,,,,,,,,,,,,,,,,,,
#VALIANT WANZER,,,,,,,,,,,,,,,,,,,,,,,,,,,,,,,,,,,,,,,,,,,,,,,,
ILIS PD,diableavionics_valianthead,,,,500,150,,,,30,,,,,ENERGY,,,0.5,0.5,,,,,,,1600,1600,,,,,,"PD,PD_ONLY,SYSTEM",,,,,,,,,,,,,,,
Cull,diableavionics_valiantleft,,,,500,,100,,,90,,,,,ENERGY,,,0,.75,,,0,5,0.5,5,,2000,,,100,,,"SYSTEM,PD_ALSO",,,,,,,,,,,,,,,
Cull,diableavionics_valiantright,,,,500,,100,,,90,,,,,ENERGY,,,0,.75,,,0,5,0.5,5,,2000,,,100,,,"SYSTEM,PD_ALSO",,,,,,,,,,,,,,,
Micro Swarmer,diableavionics_itanolauncher,,,,750,,200,,5,6,5,4,0.2,4,FRAGMENTATION,,,1,7.7,4,0.1,6,6,5,6,,300,150,8,25,,,"DO_NOT_AIM, SYSTEM",,,,,,,,,,,,,,,
,diableavionics_valianttransform,,,,1,1,,,,,,,,,,,,,10,,,,,,,,,,,,,,SYSTEM,,,,,,,,,,,,,,,
,diableavionics_valiant_head,,,,1,1,,,,,,,,,,,,,10,,,,,,,,,,,,,,SYSTEM,,,,,,,,,,,,,,,
,diableavionics_valiant_chest,,,,1,1,,,,,,,,,,,,,10,,,,,,,,,,,,,,SYSTEM,,,,,,,,,,,,,,,
,diableavionics_valiant_back,,,,1,1,,,,,,,,,,,,,10,,,,,,,,,,,,,,SYSTEM,,,,,,,,,,,,,,,
,diableavionics_valiant_shoulder_LEFT,,,,1,1,,,,,,,,,,,,,10,,,,,,,,,,,,,,SYSTEM,,,,,,,,,,,,,,,
,diableavionics_valiant_pauldron_LEFT,,,,1,1,,,,,,,,,,,,,10,,,,,,,,,,,,,,SYSTEM,,,,,,,,,,,,,,,
,diableavionics_valiant_barrel_LEFT,,,,1,1,,,,,,,,,,,,,10,,,,,,,,,,,,,,SYSTEM,,,,,,,,,,,,,,,
,diableavionics_valiant_cover_LEFT,,,,1,1,,,,,,,,,,,,,10,,,,,,,,,,,,,,SYSTEM,,,,,,,,,,,,,,,
,diableavionics_valiant_shoulder_RIGHT,,,,1,1,,,,,,,,,,,,,10,,,,,,,,,,,,,,SYSTEM,,,,,,,,,,,,,,,
,diableavionics_valiant_pauldron_RIGHT,,,,1,1,,,,,,,,,,,,,10,,,,,,,,,,,,,,SYSTEM,,,,,,,,,,,,,,,
,diableavionics_valiant_barrel_RIGHT,,,,1,1,,,,,,,,,,,,,10,,,,,,,,,,,,,,SYSTEM,,,,,,,,,,,,,,,
,diableavionics_valiant_cover_RIGHT,,,,1,1,,,,,,,,,,,,,10,,,,,,,,,,,,,,SYSTEM,,,,,,,,,,,,,,,
,,,,,,,,,,,,,,,,,,,,,,,,,,,,,,,,,,,,,,,,,,,,,,,,
#ZEPHYR,,,,,,,,,,,,,,,,,,,,,,,,,,,,,,,,,,,,,,,,,,,,,,,,
Burchel ,diableavionics_zephyr_head,,,1500,600,,150,,,36,9,12,1,1,ENERGY,,,0,0,0.48,0.02,,,,,1000000,,,,,,,"PD,ANTI_FTR,PD_ALSO,SYSTEM",,,,,,,,,,,,,,,
Micro Glaux,diableavionics_zephyr_leftBeam,2,0.5,3000,650,300,,,,75,8,3,1,,ENERGY,,,0,0,0.48,0.02,,,,,1000000,,,,,,,"SYSTEM,PD,ANTI_FTR,PD_ALSO","energy8,beam8",,,,,,,,,,,,,,
Micro Glaux,diableavionics_zephyr_rightBeam,2,0.5,3000,650,300,,,,75,8,3,1,,ENERGY,,,0,0,0.48,0.02,,,,,1000000,,,,,,,"SYSTEM,PD,ANTI_FTR,PD_ALSO","energy8,beam8",,,,,,,,,,,,,,
,diableavionics_zephyr_chestBeam,3,1,5000,850,1500,300,25,25,0,15,,,,ENERGY,,,3,0.25,2,10,,,,,1000000,,,,,,,SYSTEM,"energy20,beam20",,,,,,,,,,,,,,
,diableavionics_zephyr_leftArm,,,,1,1,,,,,,,,,,,,,10,,,,,,,,,,,,,,SYSTEM,,,,,,,,,,,,,,,
,diableavionics_zephyr_rightArm,,,,1,1,,,,,,,,,,,,,10,,,,,,,,,,,,,,SYSTEM,,,,,,,,,,,,,,,
,diableavionics_zephyr_leftPauldron,,,,1,1,,,,,,,,,,,,,10,,,,,,,,,,,,,,SYSTEM,,,,,,,,,,,,,,,
,diableavionics_zephyr_rightPauldron,,,,1,1,,,,,,,,,,,,,10,,,,,,,,,,,,,,SYSTEM,,,,,,,,,,,,,,,
,diableavionics_zephyr_leftChest,,,,1,1,,,,,,,,,,,,,10,,,,,,,,,,,,,,SYSTEM,,,,,,,,,,,,,,,
,diableavionics_zephyr_rightChest,,,,1,1,,,,,,,,,,,,,10,,,,,,,,,,,,,,SYSTEM,,,,,,,,,,,,,,,
,diableavionics_zephyr_rail,,,,1,1,,,,,,,,,,,,,10,,,,,,,,,,,,,,SYSTEM,,,,,,,,,,,,,,,
,diableavionics_zephyr_leftRod,,,,1,1,,,,,,,,,,,,,10,,,,,,,,,,,,,,SYSTEM,,,,,,,,,,,,,,,
,diableavionics_zephyr_rightRod,,,,1,1,,,,,,,,,,,,,10,,,,,,,,,,,,,,SYSTEM,,,,,,,,,,,,,,,
,,,,,,,,,,,,,,,,,,,,,,,,,,,,,,,,,,,,,,,,,,,,,,,,
#HOAR,,,,,,,,,,,,,,,,,,,,,,,,,,,,,,,,,,,,,,,,,,,,,,,,
Burchel (long delay),diableavionics_hoar_head,,,1500,600,,150,,,36,9,9,0.75,2,ENERGY,,,0,0,0.48,0.02,,,,,1000000,,,,,,,"PD,PD_ONLY,SYSTEM",,,,,,,,,,,,,,,
Winee EMPR (limited),diableavionics_hoar_winee,2,0.5,600,600,,25,400,25,50,7,,,,ENERGY,50,,0.5,7.2,3,0.075,,,,,,1000,,,25,,,"FIRE_WHEN_INEFFICIENT,SYSTEM",energy5,,Diable Avionics,,Support,,,,,"%s: Hits on shields while at high hard flux or on hull have a %s chance to arc to weapons and engines, dealing extra EMP damage. ",EMP Arcs|25%,,,,
,,,,,,,,,,,,,,,,,,,,,,,,,,,,,,,,,,,,,,,,,,,,,,,,
Tombstone Handgun,diableavionics_hoarArmL,,,,600,,140,,100,45,,,,,FRAGMENTATION,,,0,0.8,,,0,5,2,6,,2000,,,10,,,"PD,PD_ALSO,SYSTEM",,,,,,,,,,,,,,,
Tombstone Handgun,diableavionics_hoarArmR,,,,600,,140,,100,45,,,,,FRAGMENTATION,,,0,0.8,,,0,5,2,6,,2000,,,10,,,"PD,PD_ALSO,SYSTEM",,,,,,,,,,,,,,,04
,diableavionics_hoarPauldronL,,,,1,1,,,,,,,,,,,,,10,,,,,,,,,,,,,,SYSTEM,,,,,,,,,,,,,,,
,diableavionics_hoarPauldronR,,,,1,1,,,,,,,,,,,,,10,,,,,,,,,,,,,,SYSTEM,,,,,,,,,,,,,,,